Value,Label,Group,processed_at,record_id
Africa/Abidjan,Abidjan,Africa,2026-09-20 09:58:34,1
Africa/Accra,Accra,Africa,2026-09-20 09:58:34,2
Africa/Addis_Ababa,Addis Ababa,Africa,2026-09-20 09:58:34,3
Africa/Algiers,Algiers,Africa,2026-09-20 09:58:34,4
Africa/Asmara,Asmara,Africa,2026-09-20 09:58:34,5
Africa/Bamako,Bamako,Africa,2026-09-20 09:58:34,6
Africa/Bangui,Bangui,Africa,2026-09-20 09:58:34,7
Africa/Banjul,Banjul,Africa,2026-09-20 09:58:34,8
Africa/Bissau,Bissau,Africa,2026-09-20 09:58:34,9
Africa/Blantyre,Blantyre,Africa,2026-09-20 09:58:34,10
Africa/Brazzaville,Brazzaville,Africa,2026-09-20 09:58:34,11
Africa/Bujumbura,Bujumbura,Africa,2026-09-20 09:58:34,12
Africa/Cairo,Cairo,Africa,2026-09-20 09:58:34,13
Africa/Casablanca,Casablanca,Africa,2026-09-20 09:58:34,14
Africa/Ceuta,Ceuta,Africa,2026-09-20 09:58:34,15
Africa/Conakry,Conakry,Africa,2026-09-20 09:58:34,16
Africa/Dakar,Dakar,Africa,2026-09-20 09:58:34,17
Africa/Dar_es_Salaam,Dar es Salaam,Africa,2026-09-20 09:58:34,18
Africa/Djibouti,Djibouti,Africa,2026-09-20 09:58:34,19
Africa/Douala,Douala,Africa,2026-09-20 09:58:34,20
Africa/El_Aaiun,El Aaiun,Africa,2026-09-20 09:58:34,21
Africa/Freetown,Freetown,Africa,2026-09-20 09:58:34,22
Africa/Gaborone,Gaborone,Africa,2026-09-20 09:58:34,23
Africa/Harare,Harare,Africa,2026-09-20 09:58:34,24
Africa/Johannesburg,Johannesburg,Africa,2026-09-20 09:58:34,25
Africa/Juba,Juba,Africa,2026-09-20 09:58:34,26
Africa/Kampala,Kampala,Africa,2026-09-20 09:58:34,27
Africa/Khartoum,Khartoum,Africa,2026-09-20 09:58:34,28
Africa/Kigali,Kigali,Africa,2026-09-20 09:58:34,29
Africa/Kinshasa,Kinshasa,Africa,2026-09-20 09:58:34,30
Africa/Lagos,Lagos,Africa,2026-09-20 09:58:34,31
Africa/Libreville,Libreville,Africa,2026-09-20 09:58:34,32
Africa/Lome,Lome,Africa,2026-09-20 09:58:34,33
Africa/Luanda,Luanda,Africa,2026-09-20 09:58:34,34
Africa/Lubumbashi,Lubumbashi,Africa,2026-09-20 09:58:34,35
Africa/Lusaka,Lusaka,Africa,2026-09-20 09:58:34,36
Africa/Malabo,Malabo,Africa,2026-09-20 09:58:34,37
Africa/Maputo,Maputo,Africa,2026-09-20 09:58:34,38
Africa/Maseru,Maseru,Africa,2026-09-20 09:58:34,39
Africa/Mbabane,Mbabane,Africa,2026-09-20 09:58:34,40
Africa/Mogadishu,Mogadishu,Africa,2026-09-20 09:58:34,41
Africa/Monrovia,Monrovia,Africa,2026-09-20 09:58:34,42
Africa/Nairobi,Nairobi,Africa,2026-09-20 09:58:34,43
Africa/Ndjamena,Ndjamena,Africa,2026-09-20 09:58:34,44
Africa/Niamey,Niamey,Africa,2026-09-20 09:58:34,45
Africa/Nouakchott,Nouakchott,Africa,2026-09-20 09:58:34,46
Africa/Ouagadougou,Ouagadougou,Africa,2026-09-20 09:58:34,47
Africa/Porto-Novo,Porto-Novo,Africa,2026-09-20 09:58:34,48
Africa/Sao_Tome,Sao Tome,Africa,2026-09-20 09:58:34,49
Africa/Tripoli,Tripoli,Africa,2026-09-20 09:58:34,50
Africa/Tunis,Tunis,Africa,2026-09-20 09:58:34,51
Africa/Windhoek,Windhoek,Africa,2026-09-20 09:58:34,52
America/Adak,Adak,America,2026-09-20 09:58:34,53
America/Anchorage,Anchorage,America,2026-09-20 09:58:34,54
America/Anguilla,Anguilla,America,2026-09-20 09:58:34,55
America/Antigua,Antigua,America,2026-09-20 09:58:34,56
America/Araguaina,Araguaina,America,2026-09-20 09:58:34,57
America/Argentina/Buenos_Aires,Argentina - Buenos Aires,America,2026-09-20 09:58:34,58
America/Argentina/Catamarca,Argentina - Catamarca,America,2026-09-20 09:58:34,59
America/Argentina/Cordoba,Argentina - Cordoba,America,2026-09-20 09:58:34,60
America/Argentina/Jujuy,Argentina - Jujuy,America,2026-09-20 09:58:34,61
America/Argentina/La_Rioja,Argentina - La Rioja,America,2026-09-20 09:58:34,62
America/Argentina/Mendoza,Argentina - Mendoza,America,2026-09-20 09:58:34,63
America/Argentina/Rio_Gallegos,Argentina - Rio Gallegos,America,2026-09-20 09:58:34,64
America/Argentina/Salta,Argentina - Salta,America,2026-09-20 09:58:34,65
America/Argentina/San_Juan,Argentina - San Juan,America,2026-09-20 09:58:34,66
America/Argentina/San_Luis,Argentina - San Luis,America,2026-09-20 09:58:34,67
America/Argentina/Tucuman,Argentina - Tucuman,America,2026-09-20 09:58:34,68
America/Argentina/Ushuaia,Argentina - Ushuaia,America,2026-09-20 09:58:34,69
America/Aruba,Aruba,America,2026-09-20 09:58:34,70
America/Asuncion,Asuncion,America,2026-09-20 09:58:34,71
America/Atikokan,Atikokan,America,2026-09-20 09:58:34,72
America/Bahia,Bahia,America,2026-09-20 09:58:34,73
America/Bahia_Banderas,Bahia Banderas,America,2026-09-20 09:58:34,74
America/Barbados,Barbados,America,2026-09-20 09:58:34,75
America/Belem,Belem,America,2026-09-20 09:58:34,76
America/Belize,Belize,America,2026-09-20 09:58:34,77
America/Blanc-Sablon,Blanc-Sablon,America,2026-09-20 09:58:34,78
America/Boa_Vista,Boa Vista,America,2026-09-20 09:58:34,79
America/Bogota,Bogota,America,2026-09-20 09:58:34,80
America/Boise,Boise,America,2026-09-20 09:58:34,81
America/Cambridge_Bay,Cambridge Bay,America,2026-09-20 09:58:34,82
America/Campo_Grande,Campo Grande,America,2026-09-20 09:58:34,83
America/Cancun,Cancun,America,2026-09-20 09:58:34,84
America/Caracas,Caracas,America,2026-09-20 09:58:34,85
America/Cayenne,Cayenne,America,2026-09-20 09:58:34,86
America/Cayman,Cayman,America,2026-09-20 09:58:34,87
America/Chicago,Chicago,America,2026-09-20 09:58:34,88
America/Chihuahua,Chihuahua,America,2026-09-20 09:58:34,89
America/Costa_Rica,Costa Rica,America,2026-09-20 09:58:34,90
America/Creston,Creston,America,2026-09-20 09:58:34,91
America/Cuiaba,Cuiaba,America,2026-09-20 09:58:34,92
America/Curacao,Curacao,America,2026-09-20 09:58:34,93
America/Danmarkshavn,Danmarkshavn,America,2026-09-20 09:58:34,94
America/Dawson,Dawson,America,2026-09-20 09:58:34,95
America/Dawson_Creek,Dawson Creek,America,2026-09-20 09:58:34,96
America/Denver,Denver,America,2026-09-20 09:58:34,97
America/Detroit,Detroit,America,2026-09-20 09:58:34,98
America/Dominica,Dominica,America,2026-09-20 09:58:34,99
America/Edmonton,Edmonton,America,2026-09-20 09:58:34,100
America/Eirunepe,Eirunepe,America,2026-09-20 09:58:34,101
America/El_Salvador,El Salvador,America,2026-09-20 09:58:34,102
America/Fortaleza,Fortaleza,America,2026-09-20 09:58:34,103
America/Fort_Nelson,Fort Nelson,America,2026-09-20 09:58:34,104
America/Glace_Bay,Glace Bay,America,2026-09-20 09:58:34,105
America/Godthab,Godthab,America,2026-09-20 09:58:34,106
America/Goose_Bay,Goose Bay,America,2026-09-20 09:58:34,107
America/Grand_Turk,Grand Turk,America,2026-09-20 09:58:34,108
America/Grenada,Grenada,America,2026-09-20 09:58:34,109
America/Guadeloupe,Guadeloupe,America,2026-09-20 09:58:34,110
America/Guatemala,Guatemala,America,2026-09-20 09:58:34,111
America/Guayaquil,Guayaquil,America,2026-09-20 09:58:34,112
America/Guyana,Guyana,America,2026-09-20 09:58:34,113
America/Halifax,Halifax,America,2026-09-20 09:58:34,114
America/Havana,Havana,America,2026-09-20 09:58:34,115
America/Hermosillo,Hermosillo,America,2026-09-20 09:58:34,116
America/Indiana/Indianapolis,Indiana - Indianapolis,America,2026-09-20 09:58:34,117
America/Indiana/Knox,Indiana - Knox,America,2026-09-20 09:58:34,118
America/Indiana/Marengo,Indiana - Marengo,America,2026-09-20 09:58:34,119
America/Indiana/Petersburg,Indiana - Petersburg,America,2026-09-20 09:58:34,120
America/Indiana/Tell_City,Indiana - Tell City,America,2026-09-20 09:58:34,121
America/Indiana/Vevay,Indiana - Vevay,America,2026-09-20 09:58:34,122
America/Indiana/Vincennes,Indiana - Vincennes,America,2026-09-20 09:58:34,123
America/Indiana/Winamac,Indiana - Winamac,America,2026-09-20 09:58:34,124
America/Inuvik,Inuvik,America,2026-09-20 09:58:34,125
America/Iqaluit,Iqaluit,America,2026-09-20 09:58:34,126
America/Jamaica,Jamaica,America,2026-09-20 09:58:34,127
America/Juneau,Juneau,America,2026-09-20 09:58:34,128
America/Kentucky/Louisville,Kentucky - Louisville,America,2026-09-20 09:58:34,129
America/Kentucky/Monticello,Kentucky - Monticello,America,2026-09-20 09:58:34,130
America/Kralendijk,Kralendijk,America,2026-09-20 09:58:34,131
America/La_Paz,La Paz,America,2026-09-20 09:58:34,132
America/Lima,Lima,America,2026-09-20 09:58:34,133
America/Los_Angeles,Los Angeles,America,2026-09-20 09:58:34,134
America/Lower_Princes,Lower Princes,America,2026-09-20 09:58:34,135
America/Maceio,Maceio,America,2026-09-20 09:58:34,136
America/Managua,Managua,America,2026-09-20 09:58:34,137
America/Manaus,Manaus,America,2026-09-20 09:58:34,138
America/Marigot,Marigot,America,2026-09-20 09:58:34,139
America/Martinique,Martinique,America,2026-09-20 09:58:34,140
America/Matamoros,Matamoros,America,2026-09-20 09:58:34,141
America/Mazatlan,Mazatlan,America,2026-09-20 09:58:34,142
America/Menominee,Menominee,America,2026-09-20 09:58:34,143
America/Merida,Merida,America,2026-09-20 09:58:34,144
America/Metlakatla,Metlakatla,America,2026-09-20 09:58:34,145
America/Mexico_City,Mexico City,America,2026-09-20 09:58:34,146
America/Miquelon,Miquelon,America,2026-09-20 09:58:34,147
America/Moncton,Moncton,America,2026-09-20 09:58:34,148
America/Monterrey,Monterrey,America,2026-09-20 09:58:34,149
America/Montevideo,Montevideo,America,2026-09-20 09:58:34,150
America/Montserrat,Montserrat,America,2026-09-20 09:58:34,151
America/Nassau,Nassau,America,2026-09-20 09:58:34,152
America/New_York,New York,America,2026-09-20 09:58:34,153
America/Nipigon,Nipigon,America,2026-09-20 09:58:34,154
America/Nome,Nome,America,2026-09-20 09:58:34,155
America/Noronha,Noronha,America,2026-09-20 09:58:34,156
America/North_Dakota/Beulah,North Dakota - Beulah,America,2026-09-20 09:58:34,157
America/North_Dakota/Center,North Dakota - Center,America,2026-09-20 09:58:34,158
America/North_Dakota/New_Salem,North Dakota - New Salem,America,2026-09-20 09:58:34,159
America/Ojinaga,Ojinaga,America,2026-09-20 09:58:34,160
America/Panama,Panama,America,2026-09-20 09:58:34,161
America/Pangnirtung,Pangnirtung,America,2026-09-20 09:58:34,162
America/Paramaribo,Paramaribo,America,2026-09-20 09:58:34,163
America/Phoenix,Phoenix,America,2026-09-20 09:58:34,164
America/Port-au-Prince,Port-au-Prince,America,2026-09-20 09:58:34,165
America/Port_of_Spain,Port of Spain,America,2026-09-20 09:58:34,166
America/Porto_Velho,Porto Velho,America,2026-09-20 09:58:34,167
America/Puerto_Rico,Puerto Rico,America,2026-09-20 09:58:34,168
America/Punta_Arenas,Punta Arenas,America,2026-09-20 09:58:34,169
America/Rainy_River,Rainy River,America,2026-09-20 09:58:34,170
America/Rankin_Inlet,Rankin Inlet,America,2026-09-20 09:58:34,171
America/Recife,Recife,America,2026-09-20 09:58:34,172
America/Regina,Regina,America,2026-09-20 09:58:34,173
America/Resolute,Resolute,America,2026-09-20 09:58:34,174
America/Rio_Branco,Rio Branco,America,2026-09-20 09:58:34,175
America/Santarem,Santarem,America,2026-09-20 09:58:34,176
America/Santiago,Santiago,America,2026-09-20 09:58:34,177
America/Santo_Domingo,Santo Domingo,America,2026-09-20 09:58:34,178
America/Sao_Paulo,Sao Paulo,America,2026-09-20 09:58:34,179
America/Scoresbysund,Scoresbysund,America,2026-09-20 09:58:34,180
America/Sitka,Sitka,America,2026-09-20 09:58:34,181
America/St_Barthelemy,St Barthelemy,America,2026-09-20 09:58:34,182
America/St_Johns,St Johns,America,2026-09-20 09:58:34,183
America/St_Kitts,St Kitts,America,2026-09-20 09:58:34,184
America/St_Lucia,St Lucia,America,2026-09-20 09:58:34,185
America/St_Thomas,St Thomas,America,2026-09-20 09:58:34,186
America/St_Vincent,St Vincent,America,2026-09-20 09:58:34,187
America/Swift_Current,Swift Current,America,2026-09-20 09:58:34,188
America/Tegucigalpa,Tegucigalpa,America,2026-09-20 09:58:34,189
America/Thule,Thule,America,2026-09-20 09:58:34,190
America/Thunder_Bay,Thunder Bay,America,2026-09-20 09:58:34,191
America/Tijuana,Tijuana,America,2026-09-20 09:58:34,192
America/Toronto,Toronto,America,2026-09-20 09:58:34,193
America/Tortola,Tortola,America,2026-09-20 09:58:34,194
America/Vancouver,Vancouver,America,2026-09-20 09:58:34,195
America/Whitehorse,Whitehorse,America,2026-09-20 09:58:34,196
America/Winnipeg,Winnipeg,America,2026-09-20 09:58:34,197
America/Yakutat,Yakutat,America,2026-09-20 09:58:34,198
America/Yellowknife,Yellowknife,America,2026-09-20 09:58:34,199
Antarctica/Casey,Casey,Antarctica,2026-09-20 09:58:34,200
Antarctica/Davis,Davis,Antarctica,2026-09-20 09:58:34,201
Antarctica/DumontDUrville,DumontDUrville,Antarctica,2026-09-20 09:58:34,202
Antarctica/Macquarie,Macquarie,Antarctica,2026-09-20 09:58:34,203
Antarctica/Mawson,Mawson,Antarctica,2026-09-20 09:58:34,204
Antarctica/McMurdo,McMurdo,Antarctica,2026-09-20 09:58:34,205
Antarctica/Palmer,Palmer,Antarctica,2026-09-20 09:58:34,206
Antarctica/Rothera,Rothera,Antarctica,2026-09-20 09:58:34,207
Antarctica/Syowa,Syowa,Antarctica,2026-09-20 09:58:34,208
Antarctica/Troll,Troll,Antarctica,2026-09-20 09:58:34,209
Antarctica/Vostok,Vostok,Antarctica,2026-09-20 09:58:34,210
Arctic/Longyearbyen,Longyearbyen,Arctic,2026-09-20 09:58:34,211
Asia/Aden,Aden,Asia,2026-09-20 09:58:34,212
Asia/Almaty,Almaty,Asia,2026-09-20 09:58:34,213
Asia/Amman,Amman,Asia,2026-09-20 09:58:34,214
Asia/Anadyr,Anadyr,Asia,2026-09-20 09:58:34,215
Asia/Aqtau,Aqtau,Asia,2026-09-20 09:58:34,216
Asia/Aqtobe,Aqtobe,Asia,2026-09-20 09:58:34,217
Asia/Ashgabat,Ashgabat,Asia,2026-09-20 09:58:34,218
Asia/Atyrau,Atyrau,Asia,2026-09-20 09:58:34,219
Asia/Baghdad,Baghdad,Asia,2026-09-20 09:58:34,220
Asia/Bahrain,Bahrain,Asia,2026-09-20 09:58:34,221
Asia/Baku,Baku,Asia,2026-09-20 09:58:34,222
Asia/Bangkok,Bangkok,Asia,2026-09-20 09:58:34,223
Asia/Barnaul,Barnaul,Asia,2026-09-20 09:58:34,224
Asia/Beirut,Beirut,Asia,2026-09-20 09:58:34,225
Asia/Bishkek,Bishkek,Asia,2026-09-20 09:58:34,226
Asia/Brunei,Brunei,Asia,2026-09-20 09:58:34,227
Asia/Chita,Chita,Asia,2026-09-20 09:58:34,228
Asia/Choibalsan,Choibalsan,Asia,2026-09-20 09:58:34,229
Asia/Colombo,Colombo,Asia,2026-09-20 09:58:34,230
Asia/Damascus,Damascus,Asia,2026-09-20 09:58:34,231
Asia/Dhaka,Dhaka,Asia,2026-09-20 09:58:34,232
Asia/Dili,Dili,Asia,2026-09-20 09:58:34,233
Asia/Dubai,Dubai,Asia,2026-09-20 09:58:34,234
Asia/Dushanbe,Dushanbe,Asia,2026-09-20 09:58:34,235
Asia/Famagusta,Famagusta,Asia,2026-09-20 09:58:34,236
Asia/Gaza,Gaza,Asia,2026-09-20 09:58:34,237
Asia/Hebron,Hebron,Asia,2026-09-20 09:58:34,238
Asia/Ho_Chi_Minh,Ho Chi Minh,Asia,2026-09-20 09:58:34,239
Asia/Hong_Kong,Hong Kong,Asia,2026-09-20 09:58:34,240
Asia/Hovd,Hovd,Asia,2026-09-20 09:58:34,241
Asia/Irkutsk,Irkutsk,Asia,2026-09-20 09:58:34,242
Asia/Jakarta,Jakarta,Asia,2026-09-20 09:58:34,243
Asia/Jayapura,Jayapura,Asia,2026-09-20 09:58:34,244
Asia/Jerusalem,Jerusalem,Asia,2026-09-20 09:58:34,245
Asia/Kabul,Kabul,Asia,2026-09-20 09:58:34,246
Asia/Kamchatka,Kamchatka,Asia,2026-09-20 09:58:34,247
Asia/Karachi,Karachi,Asia,2026-09-20 09:58:34,248
Asia/Kathmandu,Kathmandu,Asia,2026-09-20 09:58:34,249
Asia/Khandyga,Khandyga,Asia,2026-09-20 09:58:34,250
Asia/Kolkata,Kolkata,Asia,2026-09-20 09:58:34,251
Asia/Krasnoyarsk,Krasnoyarsk,Asia,2026-09-20 09:58:34,252
Asia/Kuala_Lumpur,Kuala Lumpur,Asia,2026-09-20 09:58:34,253
Asia/Kuching,Kuching,Asia,2026-09-20 09:58:34,254
Asia/Kuwait,Kuwait,Asia,2026-09-20 09:58:34,255
Asia/Macau,Macau,Asia,2026-09-20 09:58:34,256
Asia/Magadan,Magadan,Asia,2026-09-20 09:58:34,257
Asia/Makassar,Makassar,Asia,2026-09-20 09:58:34,258
Asia/Manila,Manila,Asia,2026-09-20 09:58:34,259
Asia/Muscat,Muscat,Asia,2026-09-20 09:58:34,260
Asia/Nicosia,Nicosia,Asia,2026-09-20 09:58:34,261
Asia/Novokuznetsk,Novokuznetsk,Asia,2026-09-20 09:58:34,262
Asia/Novosibirsk,Novosibirsk,Asia,2026-09-20 09:58:34,263
Asia/Omsk,Omsk,Asia,2026-09-20 09:58:34,264
Asia/Oral,Oral,Asia,2026-09-20 09:58:34,265
Asia/Phnom_Penh,Phnom Penh,Asia,2026-09-20 09:58:34,266
Asia/Pontianak,Pontianak,Asia,2026-09-20 09:58:34,267
Asia/Pyongyang,Pyongyang,Asia,2026-09-20 09:58:34,268
Asia/Qatar,Qatar,Asia,2026-09-20 09:58:34,269
Asia/Qostanay,Qostanay,Asia,2026-09-20 09:58:34,270
Asia/Qyzylorda,Qyzylorda,Asia,2026-09-20 09:58:34,271
Asia/Riyadh,Riyadh,Asia,2026-09-20 09:58:34,272
Asia/Sakhalin,Sakhalin,Asia,2026-09-20 09:58:34,273
Asia/Samarkand,Samarkand,Asia,2026-09-20 09:58:34,274
Asia/Seoul,Seoul,Asia,2026-09-20 09:58:34,275
Asia/Shanghai,Shanghai,Asia,2026-09-20 09:58:34,276
Asia/Singapore,Singapore,Asia,2026-09-20 09:58:34,277
Asia/Srednekolymsk,Srednekolymsk,Asia,2026-09-20 09:58:34,278
Asia/Taipei,Taipei,Asia,2026-09-20 09:58:34,279
Asia/Tashkent,Tashkent,Asia,2026-09-20 09:58:34,280
Asia/Tbilisi,Tbilisi,Asia,2026-09-20 09:58:34,281
Asia/Tehran,Tehran,Asia,2026-09-20 09:58:34,282
Asia/Thimphu,Thimphu,Asia,2026-09-20 09:58:34,283
Asia/Tokyo,Tokyo,Asia,2026-09-20 09:58:34,284
Asia/Tomsk,Tomsk,Asia,2026-09-20 09:58:34,285
Asia/Ulaanbaatar,Ulaanbaatar,Asia,2026-09-20 09:58:34,286
Asia/Urumqi,Urumqi,Asia,2026-09-20 09:58:34,287
Asia/Ust-Nera,Ust-Nera,Asia,2026-09-20 09:58:34,288
Asia/Vientiane,Vientiane,Asia,2026-09-20 09:58:34,289
Asia/Vladivostok,Vladivostok,Asia,2026-09-20 09:58:34,290
Asia/Yakutsk,Yakutsk,Asia,2026-09-20 09:58:34,291
Asia/Yangon,Yangon,Asia,2026-09-20 09:58:34,292
Asia/Yekaterinburg,Yekaterinburg,Asia,2026-09-20 09:58:34,293
Asia/Yerevan,Yerevan,Asia,2026-09-20 09:58:34,294
Atlantic/Azores,Azores,Atlantic,2026-09-20 09:58:34,295
Atlantic/Bermuda,Bermuda,Atlantic,2026-09-20 09:58:34,296
Atlantic/Canary,Canary,Atlantic,2026-09-20 09:58:34,297
Atlantic/Cape_Verde,Cape Verde,Atlantic,2026-09-20 09:58:34,298
Atlantic/Faroe,Faroe,Atlantic,2026-09-20 09:58:34,299
Atlantic/Madeira,Madeira,Atlantic,2026-09-20 09:58:34,300
Atlantic/Reykjavik,Reykjavik,Atlantic,2026-09-20 09:58:34,301
Atlantic/South_Georgia,South Georgia,Atlantic,2026-09-20 09:58:34,302
Atlantic/Stanley,Stanley,Atlantic,2026-09-20 09:58:34,303
Atlantic/St_Helena,St Helena,Atlantic,2026-09-20 09:58:34,304
Australia/Adelaide,Adelaide,Australia,2026-09-20 09:58:34,305
Australia/Brisbane,Brisbane,Australia,2026-09-20 09:58:34,306
Australia/Broken_Hill,Broken Hill,Australia,2026-09-20 09:58:34,307
Australia/Currie,Currie,Australia,2026-09-20 09:58:34,308
Australia/Darwin,Darwin,Australia,2026-09-20 09:58:34,309
Australia/Eucla,Eucla,Australia,2026-09-20 09:58:34,310
Australia/Hobart,Hobart,Australia,2026-09-20 09:58:34,311
Australia/Lindeman,Lindeman,Australia,2026-09-20 09:58:34,312
Australia/Lord_Howe,Lord Howe,Australia,2026-09-20 09:58:34,313
Australia/Melbourne,Melbourne,Australia,2026-09-20 09:58:34,314
Australia/Perth,Perth,Australia,2026-09-20 09:58:34,315
Australia/Sydney,Sydney,Australia,2026-09-20 09:58:34,316
Europe/Amsterdam,Amsterdam,Europe,2026-09-20 09:58:34,317
Europe/Andorra,Andorra,Europe,2026-09-20 09:58:34,318
Europe/Astrakhan,Astrakhan,Europe,2026-09-20 09:58:34,319
Europe/Athens,Athens,Europe,2026-09-20 09:58:34,320
Europe/Belgrade,Belgrade,Europe,2026-09-20 09:58:34,321
Europe/Berlin,Berlin,Europe,2026-09-20 09:58:34,322
Europe/Bratislava,Bratislava,Europe,2026-09-20 09:58:34,323
Europe/Brussels,Brussels,Europe,2026-09-20 09:58:34,324
Europe/Bucharest,Bucharest,Europe,2026-09-20 09:58:34,325
Europe/Budapest,Budapest,Europe,2026-09-20 09:58:34,326
Europe/Busingen,Busingen,Europe,2026-09-20 09:58:34,327
Europe/Chisinau,Chisinau,Europe,2026-09-20 09:58:34,328
Europe/Copenhagen,Copenhagen,Europe,2026-09-20 09:58:34,329
Europe/Dublin,Dublin,Europe,2026-09-20 09:58:34,330
Europe/Gibraltar,Gibraltar,Europe,2026-09-20 09:58:34,331
Europe/Guernsey,Guernsey,Europe,2026-09-20 09:58:34,332
Europe/Helsinki,Helsinki,Europe,2026-09-20 09:58:34,333
Europe/Isle_of_Man,Isle of Man,Europe,2026-09-20 09:58:34,334
Europe/Istanbul,Istanbul,Europe,2026-09-20 09:58:34,335
Europe/Jersey,Jersey,Europe,2026-09-20 09:58:34,336
Europe/Kaliningrad,Kaliningrad,Europe,2026-09-20 09:58:34,337
Europe/Kiev,Kiev,Europe,2026-09-20 09:58:34,338
Europe/Kirov,Kirov,Europe,2026-09-20 09:58:34,339
Europe/Lisbon,Lisbon,Europe,2026-09-20 09:58:34,340
Europe/Ljubljana,Ljubljana,Europe,2026-09-20 09:58:34,341
Europe/London,London,Europe,2026-09-20 09:58:34,342
Europe/Luxembourg,Luxembourg,Europe,2026-09-20 09:58:34,343
Europe/Madrid,Madrid,Europe,2026-09-20 09:58:34,344
Europe/Malta,Malta,Europe,2026-09-20 09:58:34,345
Europe/Mariehamn,Mariehamn,Europe,2026-09-20 09:58:34,346
Europe/Minsk,Minsk,Europe,2026-09-20 09:58:34,347
Europe/Monaco,Monaco,Europe,2026-09-20 09:58:34,348
Europe/Moscow,Moscow,Europe,2026-09-20 09:58:34,349
Europe/Oslo,Oslo,Europe,2026-09-20 09:58:34,350
Europe/Paris,Paris,Europe,2026-09-20 09:58:34,351
Europe/Podgorica,Podgorica,Europe,2026-09-20 09:58:34,352
Europe/Prague,Prague,Europe,2026-09-20 09:58:34,353
Europe/Riga,Riga,Europe,2026-09-20 09:58:34,354
Europe/Rome,Rome,Europe,2026-09-20 09:58:34,355
Europe/Samara,Samara,Europe,2026-09-20 09:58:34,356
Europe/San_Marino,San Marino,Europe,2026-09-20 09:58:34,357
Europe/Sarajevo,Sarajevo,Europe,2026-09-20 09:58:34,358
Europe/Saratov,Saratov,Europe,2026-09-20 09:58:34,359
Europe/Simferopol,Simferopol,Europe,2026-09-20 09:58:34,360
Europe/Skopje,Skopje,Europe,2026-09-20 09:58:34,361
Europe/Sofia,Sofia,Europe,2026-09-20 09:58:34,362
Europe/Stockholm,Stockholm,Europe,2026-09-20 09:58:34,363
Europe/Tallinn,Tallinn,Europe,2026-09-20 09:58:34,364
Europe/Tirane,Tirane,Europe,2026-09-20 09:58:34,365
Europe/Ulyanovsk,Ulyanovsk,Europe,2026-09-20 09:58:34,366
Europe/Uzhgorod,Uzhgorod,Europe,2026-09-20 09:58:34,367
Europe/Vaduz,Vaduz,Europe,2026-09-20 09:58:34,368
Europe/Vatican,Vatican,Europe,2026-09-20 09:58:34,369
Europe/Vienna,Vienna,Europe,2026-09-20 09:58:34,370
Europe/Vilnius,Vilnius,Europe,2026-09-20 09:58:34,371
Europe/Volgograd,Volgograd,Europe,2026-09-20 09:58:34,372
Europe/Warsaw,Warsaw,Europe,2026-09-20 09:58:34,373
Europe/Zagreb,Zagreb,Europe,2026-09-20 09:58:34,374
Europe/Zaporozhye,Zaporozhye,Europe,2026-09-20 09:58:34,375
Europe/Zurich,Zurich,Europe,2026-09-20 09:58:34,376
Indian/Antananarivo,Antananarivo,Indian,2026-09-20 09:58:34,377
Indian/Chagos,Chagos,Indian,2026-09-20 09:58:34,378
Indian/Christmas,Christmas,Indian,2026-09-20 09:58:34,379
Indian/Cocos,Cocos,Indian,2026-09-20 09:58:34,380
Indian/Comoro,Comoro,Indian,2026-09-20 09:58:34,381
Indian/Kerguelen,Kerguelen,Indian,2026-09-20 09:58:34,382
Indian/Mahe,Mahe,Indian,2026-09-20 09:58:34,383
Indian/Maldives,Maldives,Indian,2026-09-20 09:58:34,384
Indian/Mauritius,Mauritius,Indian,2026-09-20 09:58:34,385
Indian/Mayotte,Mayotte,Indian,2026-09-20 09:58:34,386
Indian/Reunion,Reunion,Indian,2026-09-20 09:58:34,387
Pacific/Apia,Apia,Pacific,2026-09-20 09:58:34,388
Pacific/Auckland,Auckland,Pacific,2026-09-20 09:58:34,389
Pacific/Bougainville,Bougainville,Pacific,2026-09-20 09:58:34,390
Pacific/Chatham,Chatham,Pacific,2026-09-20 09:58:34,391
Pacific/Chuuk,Chuuk,Pacific,2026-09-20 09:58:34,392
Pacific/Easter,Easter,Pacific,2026-09-20 09:58:34,393
Pacific/Efate,Efate,Pacific,2026-09-20 09:58:34,394
Pacific/Enderbury,Enderbury,Pacific,2026-09-20 09:58:34,395
Pacific/Fakaofo,Fakaofo,Pacific,2026-09-20 09:58:34,396
Pacific/Fiji,Fiji,Pacific,2026-09-20 09:58:34,397
Pacific/Funafuti,Funafuti,Pacific,2026-09-20 09:58:34,398
Pacific/Galapagos,Galapagos,Pacific,2026-09-20 09:58:34,399
Pacific/Gambier,Gambier,Pacific,2026-09-20 09:58:34,400
Pacific/Guadalcanal,Guadalcanal,Pacific,2026-09-20 09:58:34,401
Pacific/Guam,Guam,Pacific,2026-09-20 09:58:34,402
Pacific/Honolulu,Honolulu,Pacific,2026-09-20 09:58:34,403
Pacific/Kiritimati,Kiritimati,Pacific,2026-09-20 09:58:34,404
Pacific/Kosrae,Kosrae,Pacific,2026-09-20 09:58:34,405
Pacific/Kwajalein,Kwajalein,Pacific,2026-09-20 09:58:34,406
Pacific/Majuro,Majuro,Pacific,2026-09-20 09:58:34,407
Pacific/Marquesas,Marquesas,Pacific,2026-09-20 09:58:34,408
Pacific/Midway,Midway,Pacific,2026-09-20 09:58:34,409
Pacific/Nauru,Nauru,Pacific,2026-09-20 09:58:34,410
Pacific/Niue,Niue,Pacific,2026-09-20 09:58:34,411
Pacific/Norfolk,Norfolk,Pacific,2026-09-20 09:58:34,412
Pacific/Noumea,Noumea,Pacific,2026-09-20 09:58:34,413
Pacific/Pago_Pago,Pago Pago,Pacific,2026-09-20 09:58:34,414
Pacific/Palau,Palau,Pacific,2026-09-20 09:58:34,415
Pacific/Pitcairn,Pitcairn,Pacific,2026-09-20 09:58:34,416
Pacific/Pohnpei,Pohnpei,Pacific,2026-09-20 09:58:34,417
Pacific/Port_Moresby,Port Moresby,Pacific,2026-09-20 09:58:34,418
Pacific/Rarotonga,Rarotonga,Pacific,2026-09-20 09:58:34,419
Pacific/Saipan,Saipan,Pacific,2026-09-20 09:58:34,420
Pacific/Tahiti,Tahiti,Pacific,2026-09-20 09:58:34,421
Pacific/Tarawa,Tarawa,Pacific,2026-09-20 09:58:34,422
Pacific/Tongatapu,Tongatapu,Pacific,2026-09-20 09:58:34,423
Pacific/Wake,Wake,Pacific,2026-09-20 09:58:34,424
Pacific/Wallis,Wallis,Pacific,2026-09-20 09:58:34,425
UTC,UTC,UTC,2026-09-20 09:58:34,426
UTC-12,UTC-12,Manual Offsets,2026-09-20 09:58:34,427
UTC-11.5,UTC-11:30,Manual Offsets,2026-09-20 09:58:34,428
UTC-11,UTC-11,Manual Offsets,2026-09-20 09:58:34,429
UTC-10.5,UTC-10:30,Manual Offsets,2026-09-20 09:58:34,430
UTC-10,UTC-10,Manual Offsets,2026-09-20 09:58:34,431
UTC-9.5,UTC-9:30,Manual Offsets,2026-09-20 09:58:34,432
UTC-9,UTC-9,Manual Offsets,2026-09-20 09:58:34,433
UTC-8.5,UTC-8:30,Manual Offsets,2026-09-20 09:58:34,434
UTC-8,UTC-8,Manual Offsets,2026-09-20 09:58:34,435
UTC-7.5,UTC-7:30,Manual Offsets,2026-09-20 09:58:34,436
UTC-7,UTC-7,Manual Offsets,2026-09-20 09:58:34,437
UTC-6.5,UTC-6:30,Manual Offsets,2026-09-20 09:58:34,438
UTC-6,UTC-6,Manual Offsets,2026-09-20 09:58:34,439
UTC-5.5,UTC-5:30,Manual Offsets,2026-09-20 09:58:34,440
UTC-5,UTC-5,Manual Offsets,2026-09-20 09:58:34,441
UTC-4.5,UTC-4:30,Manual Offsets,2026-09-20 09:58:34,442
UTC-4,UTC-4,Manual Offsets,2026-09-20 09:58:34,443
UTC-3.5,UTC-3:30,Manual Offsets,2026-09-20 09:58:34,444
UTC-3,UTC-3,Manual Offsets,2026-09-20 09:58:34,445
UTC-2.5,UTC-2:30,Manual Offsets,2026-09-20 09:58:34,446
UTC-2,UTC-2,Manual Offsets,2026-09-20 09:58:34,447
UTC-1.5,UTC-1:30,Manual Offsets,2026-09-20 09:58:34,448
UTC-1,UTC-1,Manual Offsets,2026-09-20 09:58:34,449
UTC-0.5,UTC-0:30,Manual Offsets,2026-09-20 09:58:34,450
UTC+0,UTC+0,Manual Offsets,2026-09-20 09:58:34,451
UTC+0.5,UTC+0:30,Manual Offsets,2026-09-20 09:58:34,452
UTC+1,UTC+1,Manual Offsets,2026-09-20 09:58:34,453
UTC+1.5,UTC+1:30,Manual Offsets,2026-09-20 09:58:34,454
UTC+2,UTC+2,Manual Offsets,2026-09-20 09:58:34,455
UTC+2.5,UTC+2:30,Manual Offsets,2026-09-20 09:58:34,456
UTC+3,UTC+3,Manual Offsets,2026-09-20 09:58:34,457
UTC+3.5,UTC+3:30,Manual Offsets,2026-09-20 09:58:34,458
UTC+4,UTC+4,Manual Offsets,2026-09-20 09:58:34,459
UTC+4.5,UTC+4:30,Manual Offsets,2026-09-20 09:58:34,460
UTC+5,UTC+5,Manual Offsets,2026-09-20 09:58:34,461
UTC+5.5,UTC+5:30,Manual Offsets,2026-09-20 09:58:34,462
UTC+5.75,UTC+5:45,Manual Offsets,2026-09-20 09:58:34,463
UTC+6,UTC+6,Manual Offsets,2026-09-20 09:58:34,464
UTC+6.5,UTC+6:30,Manual Offsets,2026-09-20 09:58:34,465
UTC+7,UTC+7,Manual Offsets,2026-09-20 09:58:34,466
UTC+7.5,UTC+7:30,Manual Offsets,2026-09-20 09:58:34,467
UTC+8,UTC+8,Manual Offsets,2026-09-20 09:58:34,468
UTC+8.5,UTC+8:30,Manual Offsets,2026-09-20 09:58:34,469
UTC+8.75,UTC+8:45,Manual Offsets,2026-09-20 09:58:34,470
UTC+9,UTC+9,Manual Offsets,2026-09-20 09:58:34,471
UTC+9.5,UTC+9:30,Manual Offsets,2026-09-20 09:58:34,472
UTC+10,UTC+10,Manual Offsets,2026-09-20 09:58:34,473
UTC+10.5,UTC+10:30,Manual Offsets,2026-09-20 09:58:34,474
UTC+11,UTC+11,Manual Offsets,2026-09-20 09:58:34,475
UTC+11.5,UTC+11:30,Manual Offsets,2026-09-20 09:58:34,476
UTC+12,UTC+12,Manual Offsets,2026-09-20 09:58:34,477
UTC+12.75,UTC+12:45,Manual Offsets,2026-09-20 09:58:34,478
UTC+13,UTC+13,Manual Offsets,2026-09-20 09:58:34,479
UTC+13.75,UTC+13:45,Manual Offsets,2026-09-20 09:58:34,480
UTC+14,UTC+14,Manual Offsets,2026-09-20 09:58:34,481
