Year,processed_at,record_id
2023,2026-03-24 12:37:56,1
2024,2026-03-24 12:37:56,2
2025,2026-03-24 12:37:56,3
2026,2026-03-24 12:37:56,4
2027,2026-03-24 12:37:56,5
2028,2026-03-24 12:37:56,6
2029,2026-03-24 12:37:56,7
2030,2026-03-24 12:37:56,8
2031,2026-03-24 12:37:56,9
2032,2026-03-24 12:37:56,10
2033,2026-03-24 12:37:56,11
2034,2026-03-24 12:37:56,12
2035,2026-03-24 12:37:56,13
2036,2026-03-24 12:37:56,14
2037,2026-03-24 12:37:56,15
2038,2026-03-24 12:37:56,16
2039,2026-03-24 12:37:56,17
2040,2026-03-24 12:37:56,18
2041,2026-03-24 12:37:56,19
2042,2026-03-24 12:37:56,20
2043,2026-03-24 12:37:56,21
2044,2026-03-24 12:37:56,22
2045,2026-03-24 12:37:56,23
2046,2026-03-24 12:37:56,24
2047,2026-03-24 12:37:56,25
2048,2026-03-24 12:37:56,26
2049,2026-03-24 12:37:56,27
2050,2026-03-24 12:37:56,28
2051,2026-03-24 12:37:56,29
2052,2026-03-24 12:37:56,30
2053,2026-03-24 12:37:56,31
2054,2026-03-24 12:37:56,32
2055,2026-03-24 12:37:56,33
2056,2026-03-24 12:37:56,34
2057,2026-03-24 12:37:56,35
2058,2026-03-24 12:37:56,36
2059,2026-03-24 12:37:56,37
2060,2026-03-24 12:37:56,38
2061,2026-03-24 12:37:56,39
2062,2026-03-24 12:37:56,40
2063,2026-03-24 12:37:56,41
2064,2026-03-24 12:37:56,42
2065,2026-03-24 12:37:56,43
2066,2026-03-24 12:37:56,44
2067,2026-03-24 12:37:56,45
2068,2026-03-24 12:37:56,46
2069,2026-03-24 12:37:56,47
2070,2026-03-24 12:37:56,48
2071,2026-03-24 12:37:56,49
2072,2026-03-24 12:37:56,50
2073,2026-03-24 12:37:56,51
2074,2026-03-24 12:37:56,52
2075,2026-03-24 12:37:56,53
2076,2026-03-24 12:37:56,54
2077,2026-03-24 12:37:56,55
2078,2026-03-24 12:37:56,56
2079,2026-03-24 12:37:56,57
2080,2026-03-24 12:37:56,58
2081,2026-03-24 12:37:56,59
2082,2026-03-24 12:37:56,60
2083,2026-03-24 12:37:56,61
2084,2026-03-24 12:37:56,62
2085,2026-03-24 12:37:56,63
2086,2026-03-24 12:37:56,64
2087,2026-03-24 12:37:56,65
2088,2026-03-24 12:37:56,66
2089,2026-03-24 12:37:56,67
2090,2026-03-24 12:37:56,68
2091,2026-03-24 12:37:56,69
2092,2026-03-24 12:37:56,70
2093,2026-03-24 12:37:56,71
2094,2026-03-24 12:37:56,72
2095,2026-03-24 12:37:56,73
2096,2026-03-24 12:37:56,74
2097,2026-03-24 12:37:56,75
2098,2026-03-24 12:37:56,76
2099,2026-03-24 12:37:56,77
2100,2026-03-24 12:37:56,78
2101,2026-03-24 12:37:56,79
2102,2026-03-24 12:37:56,80
2103,2026-03-24 12:37:56,81
2104,2026-03-24 12:37:56,82
2105,2026-03-24 12:37:56,83
2106,2026-03-24 12:37:56,84
2107,2026-03-24 12:37:56,85
2108,2026-03-24 12:37:56,86
2109,2026-03-24 12:37:56,87
2110,2026-03-24 12:37:56,88
2111,2026-03-24 12:37:56,89
2112,2026-03-24 12:37:56,90
2113,2026-03-24 12:37:56,91
2114,2026-03-24 12:37:56,92
2115,2026-03-24 12:37:56,93
2116,2026-03-24 12:37:56,94
2117,2026-03-24 12:37:56,95
2118,2026-03-24 12:37:56,96
2119,2026-03-24 12:37:56,97
2120,2026-03-24 12:37:56,98
2121,2026-03-24 12:37:56,99
2122,2026-03-24 12:37:56,100
2123,2026-03-24 12:37:56,101
