Year,processed_at,record_id
2023,2026-09-20 09:58:34,1
2024,2026-09-20 09:58:34,2
2025,2026-09-20 09:58:34,3
2026,2026-09-20 09:58:34,4
2027,2026-09-20 09:58:34,5
2028,2026-09-20 09:58:34,6
2029,2026-09-20 09:58:34,7
2030,2026-09-20 09:58:34,8
2031,2026-09-20 09:58:34,9
2032,2026-09-20 09:58:34,10
2033,2026-09-20 09:58:34,11
2034,2026-09-20 09:58:34,12
2035,2026-09-20 09:58:34,13
2036,2026-09-20 09:58:34,14
2037,2026-09-20 09:58:34,15
2038,2026-09-20 09:58:34,16
2039,2026-09-20 09:58:34,17
2040,2026-09-20 09:58:34,18
2041,2026-09-20 09:58:34,19
2042,2026-09-20 09:58:34,20
2043,2026-09-20 09:58:34,21
2044,2026-09-20 09:58:34,22
2045,2026-09-20 09:58:34,23
2046,2026-09-20 09:58:34,24
2047,2026-09-20 09:58:34,25
2048,2026-09-20 09:58:34,26
2049,2026-09-20 09:58:34,27
2050,2026-09-20 09:58:34,28
2051,2026-09-20 09:58:34,29
2052,2026-09-20 09:58:34,30
2053,2026-09-20 09:58:34,31
2054,2026-09-20 09:58:34,32
2055,2026-09-20 09:58:34,33
2056,2026-09-20 09:58:34,34
2057,2026-09-20 09:58:34,35
2058,2026-09-20 09:58:34,36
2059,2026-09-20 09:58:34,37
2060,2026-09-20 09:58:34,38
2061,2026-09-20 09:58:34,39
2062,2026-09-20 09:58:34,40
2063,2026-09-20 09:58:34,41
2064,2026-09-20 09:58:34,42
2065,2026-09-20 09:58:34,43
2066,2026-09-20 09:58:34,44
2067,2026-09-20 09:58:34,45
2068,2026-09-20 09:58:34,46
2069,2026-09-20 09:58:34,47
2070,2026-09-20 09:58:34,48
2071,2026-09-20 09:58:34,49
2072,2026-09-20 09:58:34,50
2073,2026-09-20 09:58:34,51
2074,2026-09-20 09:58:34,52
2075,2026-09-20 09:58:34,53
2076,2026-09-20 09:58:34,54
2077,2026-09-20 09:58:34,55
2078,2026-09-20 09:58:34,56
2079,2026-09-20 09:58:34,57
2080,2026-09-20 09:58:34,58
2081,2026-09-20 09:58:34,59
2082,2026-09-20 09:58:34,60
2083,2026-09-20 09:58:34,61
2084,2026-09-20 09:58:34,62
2085,2026-09-20 09:58:34,63
2086,2026-09-20 09:58:34,64
2087,2026-09-20 09:58:34,65
2088,2026-09-20 09:58:34,66
2089,2026-09-20 09:58:34,67
2090,2026-09-20 09:58:34,68
2091,2026-09-20 09:58:34,69
2092,2026-09-20 09:58:34,70
2093,2026-09-20 09:58:34,71
2094,2026-09-20 09:58:34,72
2095,2026-09-20 09:58:34,73
2096,2026-09-20 09:58:34,74
2097,2026-09-20 09:58:34,75
2098,2026-09-20 09:58:34,76
2099,2026-09-20 09:58:34,77
2100,2026-09-20 09:58:34,78
2101,2026-09-20 09:58:34,79
2102,2026-09-20 09:58:34,80
2103,2026-09-20 09:58:34,81
2104,2026-09-20 09:58:34,82
2105,2026-09-20 09:58:34,83
2106,2026-09-20 09:58:34,84
2107,2026-09-20 09:58:34,85
2108,2026-09-20 09:58:34,86
2109,2026-09-20 09:58:34,87
2110,2026-09-20 09:58:34,88
2111,2026-09-20 09:58:34,89
2112,2026-09-20 09:58:34,90
2113,2026-09-20 09:58:34,91
2114,2026-09-20 09:58:34,92
2115,2026-09-20 09:58:34,93
2116,2026-09-20 09:58:34,94
2117,2026-09-20 09:58:34,95
2118,2026-09-20 09:58:34,96
2119,2026-09-20 09:58:34,97
2120,2026-09-20 09:58:34,98
2121,2026-09-20 09:58:34,99
2122,2026-09-20 09:58:34,100
2123,2026-09-20 09:58:34,101
